{
    "annualized_return": 10.698609617316698,
    "volatility": 0.16993750164392465,
    "sharpe_ratio": 10.462052061679378,
    "max_drawdown": -0.008895727245050642,
    "hit_rate": 0.5432098765432098,
    "avg_pnl_per_trade": 0.00010885846171465912,
    "turnover": NaN,
    "cumulative_return": 0.13106980962425752,
    "initial_capital": 1000000.0,
    "final_portfolio_value": 1131069.8096242575
}