{
    "annualized_return": -9.821954754087885,
    "volatility": 0.0004918475064780329,
    "sharpe_ratio": -19969.512144973247,
    "max_drawdown": -0.3373228902377229,
    "hit_rate": 0.0,
    "avg_pnl_per_trade": -9.99384895613338e-05,
    "turnover": 0.00010613653340618527,
    "cumulative_return": -0.3373890550913484,
    "initial_capital": 1000000.0,
    "final_portfolio_value": 662610.9449086515
}